{"mse": 0.7796840986488798, "r2": 0.2209986240754328}