{"mse": 0.7808429037642972, "r2": 0.2198408336563349}